AN,Quantity,Designator,Comment,Description,Case,Value,Footprint,Revision,Variant,Trenz-Stock,Mixed,Preferred,Technology,Tolerance,Trenz-Article-Number,Voltage,H-ART

"23116","11","C1, C46, C48, C49, C56, C58, C59, C66, C68, C69, C108","100µF","KON 100µF 6,3V X5R 20% SMD BF 3216 (1206)","3216 (1206)","100u","CAPC3216X180N_V","","S001","","SMT","Yes","X5R","20%","","6.3V",""
"25476","29","C2, C3, C5, C6, C7, C8, C9, C10, C14, C15, C16, C18, C20, C47, C57, C67, C71, C87, C109, C119, C120, C126, C127, C128, C132, C133, C134, C136, C138","470nF","KON 470nF 50V X7R SMD  BF 1608 (0603)","1608 (0603)","470n","CAPC1608X90N_V","","S001","","SMT","Yes","X7R","","","50V",""
"21382","122","C4, C22A, C22B, C22C, C22D, C22E, C23A, C23B, C23C, C23D, C23E, C24A, C24B, C24C, C24D, C24E, C25A, C25B, C25C, C25D, C25E, C26A, C26B, C26C, C26D, C26E, C27A, C27B, C27C, C27D, C27E, C28A, C28B, C28C, C28D, C28E, C29A, C29B, C29C, C29D, C29E, C30A, C30B, C30C, C30D, C30E, C31A, C31B, C31C, C31D, C31E, C32A, C32B, C32C, C32D, C32E, C33A, C33B, C33C, C33D, C33E, C34A, C34B, C35A, C35B, C38A, C38B, C45, C55, C65, C75, C76, C77, C78, C79, C80, C82, C88A, C88B, C90A, C90B, C91A, C91B, C96A, C96B, C96C, C97A, C97B, C97C, C98A, C98B, C98C, C99A, C99B, C99C, C103, C106A, C106B, C106C, C106D, C106E, C106F, C106G, C106H, C106I, C106J, C106K, C106L, C106M, C106N, C106O, C106P, C107, C110, C111, C117, C118, C122, C123, C124, C125, C144","100nF","KON 100nF 50V X7R ±10% SMD BF 1608 (0603)","1608 (0603)","100n","CAPC1608X90N_V","","S001","","SMT","Yes","X7R","±10%","","50V",""
"29699","4","C11, C13, C129, C131","4.7µF","KON 4.7µF 25V X5R 20%  SMD BF 1608 (0603)","1608 (0603)","4.7u","CAPC1608X90N_V","","S001","","SMT","Yes","X5R","20%","","25V",""
"22679","2","C12, C130","100pF","KON 100pF 1000V X7R 10%  BF 3216 (1206)","3216 (1206)","100p","CAPC3216X180N_V","","S001","","SMT","Yes","X7R","10%","","1000V",""
"22918","8","C17, C19, C40A, C40B, C84, C105, C135, C137","10µF","KON 10µF 6,3V X5R SMD BF 1608 (0603)","1608 (0603)","10u","CAPC1608X90N_V","","S001","","SMT","","X5R","","","6.3V",""
"29694","5","C21, C50, C60, C70, C139","220nF","KON 220nF 50V X7R ±10% SMD BF 1608 (0603)","1608 (0603)","220n","CAPC1608X90N_V","","S001","","SMT","","X7R","±10%","","50V",""
"29638","4","C36A, C36B, C94A, C94B","4.7nF","KON 4.7nF 50V NP0 ±5%  SMD BF 1608 (0603)","1608 (0603)","4.7n","CAPC1608X90N_V","","S001","","SMT","","NP0","±5%","","50V",""
"22523","4","C37A, C37B, C81, C102","1nF","KON 1nF 50V NP0 5% SMD BF 1608 (0603)","1608 (0603)","1n","CAPC1608X90N_V","","S001","","SMT","","NP0","","","50V",""
"29556","4","C39A, C39B, C83, C104","22µF","KON 22µF 25V  X5R 20% SMD BF 2012 (0805)","2012 (0805)","22u","CAPC2012X135N_V","","S001","","SMT","","X5R","20%","","25V",""
"24685","18","C41, C42, C43, C44, C51, C52, C53, C54, C61, C62, C63, C64, C89A, C89B, C121, C145, C146, C147","10µF","KON 10µF 50V X5R 10%  SMD BF 3216 (1206)","3216 (1206)","10u","CAPC3216X180N_V","","S001","","SMT","Yes","X5R","10%","","50V",""
"24718","5","C72, C92A, C92B, C93A, C93B","47µF","KON 47µF 6,3V X5R 20% SMD BF 2012 (0805)","2012 (0805)","47u","CAPC2012X135N_V","","S001","","SMT","Yes","X5R","20%","","6.3V","CC0805MKX5R5BB476"
"24915","26","C73A, C73B, C74A, C74B, C85A, C85B, C86A, C86B, C140, C141, C142, C143, C148, C149, C150, C151, C152, C153, C154, C155, C156, C157, C158, C159, C160, C161","100nF","KON 100nF 6.3V X5R 10% SMD BF 0603 (0201)","0603 (0201)","100n","CAPC0603X33N_V","","S001","","SMT","Yes","X5R","10%","","6.3V",""
"25942","2","C95A, C95B","47pF","KON 47pF 50V NP0 5%  SMD BF 1608 (0603)","1608 (0603)","47p","CAPC1608X90N_V","","S001","","SMT","Yes","NP0","5%","","50V",""
"26312","2","C100, C101","10nF","KON 10nF 10V X7R 10% SMD BF 0603 (0201)","0603 (0201)","10n","CAPC0603X33N_V","","S001","","SMT","Yes","X7R","10%","","10V",""
"21381","5","C112, C113, C114, C115, C116","100pF","KON 100pF 50V NP0 ±5% SMD BF 1608 (0603)","1608 (0603)","100p","CAPC1608X90N_V","","S001","","SMT","Yes","C0G NP0","±5%","","50V",""
"28261","6","D1, D2, D3, D11, D16, D18","LED Red 19-213/R6C-AL1M2VY/3T","Chip LED 0603 Briliant Red","1608 (0603)","","LEDC1608X55N_RED","","S001","","SMT","Yes","","","","","19-213/R6C-AL1M2VY/3T"
"29999","5","D4A, D4B, D4C, D4D, D4E","BAT46W-7-F","Schottky Diode 0.150A 100V SOD-123","SOD123","150mA","SOD3715X145N","","S001","","SMT","","","","","100V","BAT46W-7-F"
"27400","2","D5A, D5B","CDSOT23-T24CAN","TVS Diode 24/40V SOT23-3","SOT23-3","","SOT95P237X112-3N","","S001","","SMT","","","","","","CDSOT23-T24CAN"
"26768","8","D6A, D6B, D7A, D7B, D14, D15, D19, D20","MBR0520LT1G","Schottky Diode 0.5A 20V SOD-123","SOD123-FC","20V","SOD3816X120N","","S001","","SMT","","","","","0.5A","MBR0520LT1G"
"28262","2","D10, D25","LED Green 19-213/G6C-BM1N2/DT","Chip LED 0603 Briliant Green","1608 (0603)","","LEDC1608X55N_GREEN","","S001","","SMT","Yes","","","","","19-213/G6C-BM1N2/DT"
"30779","5","D12, D24A, D24B, D24C, D24D","150060BS75000","Chip LED 0603 Blue","1608 (0603)","","LEDC1608X70N_BLUE","","S001","","SMT","","","","","","150060BS75000"
"26110","2","D17A, D17B","STPS340-Y","Schottky Diode 3A 40V DO-214AA, SMB","SMB","","DIOM5336X265N","","S001","","SMT","","AEC-Q200","","","40V","STPS340-UY"
"29054","4","D21, D27A, D27B, D27C","CPDA10R3V3U-HF","CPDA10R3V3U-HF","TSLP-9-1","","DFN230X100X55X10N","","S001","","SMT","","","","","3.3V","CPDA10R3V3U-HF"
"29229","1","D22","MMSZ5242BT1G","Zener Diode 12V 500mW ±5% SOD-123","SOD123","","SOD3715X135N","","S001","","SMT","","","","","12V","MMSZ5242BT1G"
"27476","1","D23","SMBJ36CA","TVS Diode 36/75.5V 600W","SMB DO-214AA","600W","DIOM5236X261N","","S001","","SMT","","","","","36V","SMBJ36CA"
"30775","1","F1","Fuse 5A 125V SMD with holder","Fuse 5A 125V SMD with holder","","5A","0154xxx","","S001","Yes","SMT","","","","","125V","0154005.DR"
"27219","4","J1, J2, J3, J4","SS5-80-3.50-L-D-K-TR","Samtec Ultra Fine Pitch Socket REF192552-01, 160 Pins","","","SS5-80-3.50-L-D-K-TR","","S001","","SMT","Yes","","","","","SS5?80?3.50?L?D?K?TR"
"28114","1","L1","1µH","IND SMD 1µH 2.7A 59mOhm Shielded","2520 (1008)","1u","INDC2520X120N","","S001","","SMT","","","20%","","2.7A","MAMK2520T1R0M"
"22718","5","L2, L3, L4, L9, L10","MPZ1608S221A","Ferritdurchführung MPZ1608S221A","1608 (0603)","220 OHm @ 100MHz","INDC1608X95N_V","","S001","Yes","SMT","Yes","","","","","MPZ1608S221A"
"30776","2","L5A, L5B","744235900","Common Mode Choke SMT 0.3uH 2A 50mOhms","WE-CNSW-1812","0.3u","WE-CNSW-1812","","S001","","SMT","","50mOhm","20%","","2A","744235900"
"24513","5","L6, L7, L8, L11A, L11B","WE-CBF","Ferritdurchführung SMD 0805","2012 (0805)","","INDC2012X92N_V","","S001","Yes","SMT","","0.15Ohm","","","2000mA","742792040"
"26235","2","L12A, L12B","XAL5050-153MEC","Power Inductor 15µH 20% 3.9A 76.7mOhms","","15µ","IND_XAL5050","","S001","","SMT","","","","","3.9A 76.7mOhms","XAL5050-153MEC"
"22905","6","PM1, PM2, PM3, PM4, PM5, PM6","FIDU-DOT - small","FIDU-DOT - SMALL 1mm","","","FIDU-DOT - small","","S001","","FIDU","","","","","",""
"21491","68","R1, R15, R16, R28A, R28B, R28C, R28D, R48, R65A, R65B, R65C, R65D, R65E, R66A, R66B, R66C, R66D, R66E, R74A, R74B, R74C, R74D, R74E, R99, R120, R121, R134A, R134B, R134C, R134D, R135, R138, R149, R150, R151, R152, R153, R168A, R168B, R168C, R168D, R168E, R168F, R168G, R168H, R168I, R168J, R168K, R168L, R168M, R168N, R168O, R168P, R206, R207, R209, R210, R212, R213, R214, R215, R216, R217, R222, R224, R230, R240, R241","0R","WID SMD 0R 0,1W 1% TK100  BF 1608 (0603)","1608 (0603)","0","RESC1608X55N_V","","S001","","SMT","","TK100","1%","","",""
"22324","9","R2, R4, R6, R52, R53, R142, R147, R233, R234","220R","WID SMD 220R 1% 0,1W","1608 (0603)","220","RESC1608X55N_V","","S001","","SMT","","TK100","1%","","",""
"21492","90","R3, R5, R7, R11, R12, R13, R14, R17, R18, R20, R21, R22, R23, R24, R25, R29A, R29B, R29C, R29D, R32, R33, R35, R37, R39, R41, R43, R45, R51, R54, R97, R111, R112, R113, R114, R115, R116, R117, R118, R119, R122, R123, R124, R125, R146, R148, R157A, R157B, R157C, R158A, R158B, R158C, R159A, R159B, R159C, R160A, R160B, R160C, R171A, R171B, R171C, R171D, R171E, R171F, R171G, R171H, R171I, R171J, R171K, R171L, R171M, R171N, R171O, R171P, R175A, R175B, R175C, R175D, R181L, R193, R194, R195, R196, R198, R199, R201, R202, R203A, R203B, R232, R235","10K","WID SMD 10K 1% 0,1W  BF 1608 (0603)","1608 (0603)","10K","RESC1608X55N_V","","S001","","SMT","Yes","TK100","1%","","",""
"21375","2","R8, R92","1K","WID SMD 1K 1% 0,1W","1608 (0603)","1K","RESC1608X55N_V","","S001","","SMT","Yes","TK100","1%","","",""
"21380","4","R9, R10, R91, R197","100R","WID SMD 100R 1% 0,1W BF 1608 (0603)","1608 (0603)","100","RESC1608X55N_V","","S001","","SMT","Yes","TK100","1%","","",""
"21518","9","R30A, R30B, R30C, R31A, R31B, R31C, R162A, R162B, R162C","22R","WID SMD 22R 1% 0,1W","1608 (0603)","22","RESC1608X55N_V","","S001","","SMT","","TK100","1%","","",""
"22430","7","R49, R71A, R71B, R71C, R71D, R71E, R231","33R","WID SMD 33R 1% 0,1W","1608 (0603)","33","RESC1608X55N_V","","S001","","SMT","","TK100","1%","","",""
"22754","3","R50, R56, R236","4K99","WID SMD 4K99 1% 0,063W BF 1005 (0402)","1005 (0402)","4.99K","RESC1005X40N_V","","S001","","SMT","Yes","TK100","1%","","","RC0402FR-074K99L"
"22757","2","R55, R237","1M","WID SMD 1M 5% 0,25W  BF 3216 (1206)","3216 (1206)","1M","RESC3216X65N_V","","S001","","SMT","Yes","TK100","5%","","",""
"22843","40","R57A, R57B, R57C, R57D, R57E, R58A, R58B, R58C, R58D, R58E, R59A, R59B, R59C, R59D, R59E, R60A, R60B, R60C, R60D, R60E, R61A, R61B, R61C, R61D, R61E, R62A, R62B, R62C, R62D, R62E, R63A, R63B, R63C, R63D, R63E, R64A, R64B, R64C, R64D, R64E","47R","WID SMD Netz 4 fach 47R","3216 (1206)","47","RESCAV80P160X320X70-8N","","S001","","SMT","","","5%","","",""
"25938","50","R67A, R67B, R67C, R67D, R67E, R68A, R68B, R68C, R68D, R68E, R69A, R69B, R69C, R69D, R69E, R70A, R70B, R70C, R70D, R70E, R72A, R72B, R72C, R72D, R72E, R73A, R73B, R73C, R73D, R73E, R169A, R169B, R169C, R169D, R169E, R169F, R169G, R169H, R169I, R169J, R169K, R169L, R169M, R169N, R169O, R169P, R174A, R174B, R174C, R174D","51R","WID SMD 51R 1% 0,1W  BF 1608 (0603)","1608 (0603)","51","RESC1608X55N_V","","S001","","SMT","Yes","TK100","1%","","",""
"23134","4","R76A, R76B, R77A, R77B","62R","WID SMD 62R 1% 0,063W","1005 (0402)","62","RESC1005X40N_V","","S001","","SMT","Yes","TK100","1%","","",""
"26540","2","R80A, R80B","22K","WID SMD 22K 1% 0,1W  BF 1608 (0603)","1608 (0603)","22K","RESC1608X55N_V","","S001","","SMT","","TK100","1%","","",""
"26473","4","R81A, R81B, R127, R164","6K98","WID SMD 6K98 1% 0,1W  BF 1608 (0603)","1608 (0603)","6.98k","RESC1608X55N_V","","S001","","SMT","Yes","TK100","1%","","",""
"21378","2","R82, R86","4K7","WID SMD 4K7 1% 0,1W BF 1608 (0603)","1608 (0603)","4.7K","RESC1608X55N_V","","S001","","SMT","Yes","TK100","1%","","",""
"21514","4","R83, R87, R93, R94","1K5","WID SMD 1K5 1% 0,1W","1608 (0603)","1.5K","RESC1608X55N_V","","S001","","SMT","","TK100","1%","","",""
"22428","6","R88, R95, R172, R173, R219, R220","47K","WID SMD 47K 1% 0,1W  BF 1608 (0603)","1608 (0603)","47K","RESC1608X55N_V","","S001","","SMT","","TK100","1%","","",""
"25052","1","R90","8K06","WID SMD 8K06 1% 0,063W BF 1005 (0402)","1005 (0402)","8.06K","RESC1005X40N_V","","S001","","SMT","Yes","TK100","1%","","",""
"22655","2","R126, R161","12K","WID SMD 12K 1% 0,1W","1608 (0603)","12K","RESC1608X55N_V","","S001","","SMT","","TK100","1%","","",""
"25896","7","R128, R129, R130, R131, R133, R136, R139","0R","WID SMD 0R 0,25W","3216 (1206)","0","RESC3216X65N_V","","S001","","SMT","Yes","TK100","1%","","",""
"22538","4","R140A, R140B, R143A, R143B","20K","WID SMD 20K 1% 0,1W","1608 (0603)","20K","RESC1608X55N_V","","S001","","SMT","","TK100","1%","","",""
"26105","2","R141A, R141B","2K","WID SMD 2K 1% 0,1W AEC-Q200  BF 1608 (0603)","1608 (0603)","2k","RESC1608X55N_V","","S001","","SMT","","TK100","1%","","",""
"26104","2","R144A, R144B","1K6","WID SMD 1K6 1% 0,1W AEC-Q200  BF 1608 (0603)","1608 (0603)","1.6k","RESC1608X55N_V","","S001","","SMT","","TK100","1%","","",""
"26111","2","R145A, R145B","412K","WID SMD 412K 1% 0,1W AEC-Q200","1608 (0603)","412k","RESC1608X55N_V","","S001","","SMT","Yes","TK100","1%","","",""
"28044","16","R170A, R170B, R170C, R170D, R170E, R170F, R170G, R170H, R170I, R170J, R170K, R170L, R170M, R170N, R170O, R170P","PPTC 0,1A 15V","PTC Resettable Fuse 0.1A 15V SMD 0805","2012 (0805)","0.1A","RESC2012X85N","","S001","","SMT","","","","","15V","MF-PSMF010X-2"
"23417","3","SW1, SW2, SW3","CHS-04TA","DIP Schalter 4 fach 1,27mm SMD","","","CHS-04TA","","S001","Yes","SMT","Yes","","","","","CHS-04TA"
"23806","18","T1, T2, T3, T4, T5, T6, T7, T9A, T9B, T9C, T9D, T10, T12, T13, T14A, T14B, T14C, T14D","MMBT3904","MMBT3904","SOT23-3","","SOT95P280X145-3N","","S001","Yes","SMT","Yes","","","","","MMBT3904"
"27247","2","T8, T11","DMP4015SSS-13","DMP4015SSS-13","SO8","","SOIC127P600X175-8N","","S001","Yes","SMT","","","","","","DMP4015SSS-13"
"25063","167","TP1, TP2, TP3, TP4, TP5, TP6, TP7, TP8, TP9, TP10, TP11, TP12, TP13, TP14, TP15, TP16, TP17, TP18, TP19, TP20, TP21, TP22, TP23, TP24, TP25, TP26, TP27, TP28, TP29, TP30, TP31, TP32, TP33, TP34, TP35, TP36, TP37, TP38, TP39, TP40, TP41, TP42, TP43, TP44, TP45A, TP45B, TP45C, TP46A, TP46B, TP46C, TP47A, TP47B, TP47C, TP48A, TP48B, TP48C, TP49A, TP49B, TP49C, TP50, TP51A, TP51B, TP51C, TP52A, TP52B, TP52C, TP53A, TP53B, TP53C, TP53D, TP53E, TP54A, TP54B, TP54C, TP54D, TP54E, TP55, TP56A, TP56B, TP56C, TP57A, TP57B, TP57C, TP57D, TP57E, TP58A, TP58B, TP58C, TP58D, TP58E, TP59A, TP59B, TP59C, TP59D, TP59E, TP60A, TP60B, TP60C, TP60D, TP60E, TP61A, TP61B, TP61C, TP61D, TP61E, TP62A, TP62B, TP62C, TP62D, TP62E, TP63A, TP63B, TP63C, TP63D, TP63E, TP64A, TP64B, TP64C, TP64D, TP64E, TP65A, TP65B, TP65C, TP65D, TP65E, TP66A, TP66B, TP66C, TP66D, TP66E, TP67A, TP67B, TP67C, TP67D, TP67E, TP68A, TP68B, TP69, TP70, TP71, TP72, TP73, TP74, TP75, TP76, TP77, TP78A, TP78B, TP79A, TP79B, TP80, TP81A, TP81B, TP81C, TP81D, TP81E, TP82A, TP82B, TP82C, TP82D, TP82E, TP83, TP84, TP85, TP86, TP87, TP88","Testpoint 1mm","Testpoint 1mm","","","TP_1mm","","S001","","SMT","","","","","",""
"30896","1","U1","KC2016Z4.00000C1KX00","KC2016Z4.00000C1KX00 Oszillator 4.000000MHz","2.0  x 1.6mm","4M","2016","","S001","","SMT","","","20ppm","","1.8-3.3V","KC2016Z4.00000C1KX00"
"24652","2","U2, U33","88E1512-A0-NNP2I000","88E1512-A0-NNP2I000","QFN56","","QFN50P800X800X100-57N","","S001","Yes","SMT","Yes","","","","","88E1512-A0-NNP2I000"
"27228","2","U3, U22","SiT8008BI-73-18S-25.000000E","SiT8008BI-73-18S-25.000000E MEMS Oszillator 25.000000MHz","2.0  x 1.6mm","25M","2016","","S001","","SMT","Yes","","","","1.8V","SIT8008BI-73-18S-25.000000E"
"30780","5","U4A, U4B, U4C, U4D, U4E","LC4128V-75TN100C","LC4128V-75TN100C","TQFP100","","QFP50P1600X1600X160-100N","","S001","Yes","SMT","","","","","","LC4128V-75TN100C"
"23582","5","U5A, U5B, U5C, U5D, U5E","SN74LVC1G14DRL","SN74LVC1G14DRL","DRL","","SOTFL50P160X60-5N","","S001","Yes","SMT","","","","","","SN74LVC1G14DRL"
"30766","2","U6A, U6B","MAX14878AWE+","MAX14878AWE+","SOIC16","","SOIC127P1030X265-16N","","S001","Yes","SMT","","","","","","MAX14878AWE+"
"29933","4","U7A, U7B, U19, U27","LT1761ES5-BYP#TRPBF","LT1761ES5-BYP#TRPBF","SOT23-5","","SOT95P280X100-5N","","S001","Yes","SMT","","","","","5V","LT1761ES5-BYP#TRPBF"
"30767","4","U8A, U8B, U20, U28","760390015","760390015","MID-PPTI","","760390015","","S001","","SMT","","","","","","760390015"
"31503","4","U9A, U9B, U21, U29","(cs) SN6505BDBVT","(cs) SN6505BDBVT","SOT23-6","","SOT95P280X145-6N","","S001","","SMT","","","","","",""
"30863","3","U10, U11, U12","[Cust.Supply] 171050601","[Cust.Supply] 171050601","TO263-7EP","","7TO-PMOD","","S001","","SMT","","","","","","171050601"
"24904","1","U13","TXS02612RTWR","TXS02612RTWR","QFN24","","QFN50P400X400X80-25N-255","","S001","Yes","SMT","","","","","","TXS02612RTWR"
"30791","2","U14, U30","TXS0108EQPWRQ1","TXS0108EQPWRQ1","TSSOP20","","SOP65P640X120-20N","","S001","","SMT","","","","","","TXS0108EQPWRQ1"
"30783","2","U15, U16","NLV74HC32ADTR2G","NLV74HC32ADTR2G","TSSOP14","","SOP65P640X120-14N","","S001","Yes","SMT","","","","","","NLV74HC32ADTR2G"
"31504","5","U17, U25A, U25B, U25C, U31","(cs) SN74AVC4T774RSVR","(cs) SN74AVC4T774RSVR","UQFN-16","","QFN40P260X180X55-16N","","S001","Yes","SMT","","","","","",""
"31502","4","U18, U24A, U24B, U24C","(cs) ISO7742QDWRQ1","(cs) ISO7742QDWRQ1","SOIC16","","SOIC127P1030X265-16N","","S001","","SMT","","","","","",""
"26100","2","U23A, U23B","TPS54260QDGQRQ1","TPS54260QDGQRQ1","MSOP10 DGQ (S-PDSO-G10)","","TSSOP50P490X110-11N-TI-DGQ","","S001","Yes","SMT","","AEC-Q200","","","","TPS54260QDGQRQ1"
"30774","1","U32","LMK00105SQ/NOPB","LMK00105SQ/NOPB","WQFN24","","QFN50P400X400X80-25N","","S001","","SMT","","","","","","LMK00105SQ/NOPB"
"26694","2","X1, X8","TE0790-Base","TE0790-Base","","","TE0790-Base","","S001","","THT","","","","22495","",""
"30864","2","X2, X4","[Cust.Supply] 7499110123","[Cust.Supply] LAN-Transformer 10/100/1000 BaseT","","","7499110123","","S001","Yes","THT","","","","","","7499110123"
"30765","2","X3, X13","IPL1-110-02-L-D-K","IPL1-110-02-L-D-K","IPL1","","IPL1-110-02-L-D-K","","S001","","SMT","","","","","","IPL1-110-02-L-D-K-TR"
"30758","3","X5A, X5B, X5C","HTEC8-140-01-L-DV-K","HTEC8-140-01-L-DV-K","HTEC8","","HTEC8-140-XX-X-DV","","S001","","SMT","","","","","","HTEC8-140-01-L-DV-K"
"30757","5","X6A, X6B, X6C, X6D, X6E","HTEC8-150-01-L-DV-K","HTEC8-150-01-L-DV-K","HTEC8","","HTEC8-150-XX-X-DV","","S001","","SMT","","","","","","HTEC8-150-01-L-DV-K"
"30790","2","X7A, X7B","IPL1-104-02-L-S-K","IPL1-104-02-L-S-K","IPL1","","IPL1-104-02-L-S-K","","S001","","SMT","","","","","","IPL1-104-02-L-S-K-TR"
"30763","1","X10","IPL1-106-02-L-D-K","IPL1-106-02-L-D-K","IPL1","","IPL1-106-02-L-D-K","","S001","","SMT","","","","","","IPL1-106-02-L-D-K-TR"
"30760","1","X12","IPL1-103-02-L-D-K","IPL1-103-02-L-D-K","IPL1","","IPL1-103-02-L-D-K","","S001","","SMT","","","","","","IPL1-103-02-L-D-K-TR"
"30762","2","X14, X14B","IPL1-105-02-L-D-K","IPL1-105-02-L-D-K","IPL1","","IPL1-105-02-L-D-K","","S001","","SMT","","","","","","IPL1-105-02-L-D-K-TR"
"30759","2","X15, X19","IPL1-102-02-L-D-K","IPL1-102-02-L-D-K","IPL1","","IPL1-102-02-L-D-K","","S001","","SMT","","","","","","IPL1-102-02-L-D-K-TR"
"26322","1","X16","microSD Memory Card Connector with Detec","microSD Memory Card Connector with Detect Switch","microSD","","104031-0811","","S001","Yes","SMT","","","","","","104031-0811"
"25614","2","X17A, X17B","Molex 67800-5005","SATA 7Pol. Connector Vertical","","","67800-5005","","S001","","SMT","","","","","","67800-5005"
"30828","1","X18","IPL1-113-02-L-D-K","IPL1-113-02-L-D-K","IPL1","","IPL1-113-02-L-D-K","","S001","","SMT","","","","","","IPL1-113-02-L-D-K"
